"User_ID","UTC_Time","Account","Operation","Coin","Change","Remark"
"973194121","2024-09-16 17:04:14","Spot","Deposit","CELO","11.57741000",""
"973194121","2024-09-16 17:09:36","Spot","Transaction Sold","CELO","-11.50000000",""
"973194121","2024-09-16 17:09:36","Spot","Transaction Revenue","USDT","5.01400000",""
"973194121","2024-09-16 17:09:36","Spot","Transaction Fee","USDT","-0.00501400",""
"973194121","2024-09-16 17:10:03","Spot","Transaction Buy","BNB","0.00900000",""
"973194121","2024-09-16 17:10:03","Spot","Transaction Spend","USDT","-4.76550000",""
"973194121","2024-09-16 17:10:03","Spot","Transaction Fee","BNB","-0.00000675",""
"973194121","2024-09-16 17:22:13","Spot","Binance Convert","BNB","0.00045663",""
"973194121","2024-09-16 17:22:13","Spot","Binance Convert","USDT","-0.24348600",""
"973194121","2024-09-16 17:23:23","Spot","Binance Convert","BNB","0.00006306",""
"973194121","2024-09-16 17:23:24","Spot","Binance Convert","CELO","-0.07741000",""
"973194121","2024-09-16 17:41:35","Spot","Deposit","BNB","0.00050000",""
"973194121","2024-09-16 17:43:01","Spot","Launchpool Subscription/Redemption","BNB","-0.01000000","Binance Launchpool"
"973194121","2024-09-16 18:22:51","Spot","Launchpool Earnings Withdrawal","CATI","0.00014509","Binance Launchpool"
"973194121","2024-09-17 03:09:58","Spot","Launchpool Earnings Withdrawal","CATI","0.00347762","Binance Launchpool"
"973194121","2024-09-17 09:55:31","Spot","Launchpool Earnings Withdrawal","CATI","0.00303389","Binance Launchpool"
"973194121","2024-09-17 10:36:51","Spot","Launchpool Earnings Withdrawal","CATI","0.00043271","Binance Launchpool"
"973194121","2024-09-17 12:57:10","Spot","Launchpool Earnings Withdrawal","CATI","0.00086515","Binance Launchpool"
"973194121","2024-09-17 13:46:51","Spot","Launchpool Earnings Withdrawal","CATI","0.00043248","Binance Launchpool"
"973194121","2024-09-17 15:23:48","Spot","Launchpool Earnings Withdrawal","CATI","0.00086486","Binance Launchpool"
"973194121","2024-09-17 18:06:27","Spot","Launchpool Earnings Withdrawal","CATI","0.00086611","Binance Launchpool"
"973194121","2024-09-18 03:19:03","Spot","Launchpool Earnings Withdrawal","CATI","0.00390380","Binance Launchpool"
"973194121","2024-09-18 12:42:28","Spot","Launchpool Earnings Withdrawal","CATI","0.00434180","Binance Launchpool"
"973194121","2024-09-18 13:50:44","Spot","Launchpool Earnings Withdrawal","CATI","0.00043386","Binance Launchpool"
"973194121","2024-09-18 14:42:31","Spot","Launchpool Earnings Withdrawal","CATI","0.00043379","Binance Launchpool"
"973194121","2024-09-19 10:14:46","Spot","Launchpool Earnings Withdrawal","CATI","0.00823137","Binance Launchpool"
"973194121","2024-09-19 13:34:26","Spot","Launchpool Earnings Withdrawal","CATI","0.00173214","Binance Launchpool"
"973194121","2024-09-19 13:49:32","Funding","Send","TON","0.00500000","Binance Pay - P_A1NFA5UT1EH71114"
"973194121","2024-09-19 15:03:55","Spot","Launchpool Earnings Withdrawal","CATI","0.00043293","Binance Launchpool"
"973194121","2024-09-19 16:50:43","Spot","Airdrop Assets","CATI","9.41000000",""
"973194121","2024-09-19 17:39:00","Spot","Launchpool Earnings Withdrawal","CATI","0.00129862","Binance Launchpool"
"973194121","2024-09-20 00:26:10","Spot","Launchpool Subscription/Redemption","BNB","0.01000000","Binance Launchpool"
"973194121","2024-09-20 00:35:27","Spot","Launchpool Airdrop","CATI","0.00303306",""
"973194121","2024-09-20 11:19:05","Spot","Transaction Sold","CATI","-9.40000000",""
"973194121","2024-09-20 11:19:05","Spot","Transaction Revenue","USDT","9.05032000",""
"973194121","2024-09-20 11:19:05","Spot","Transaction Fee","BNB","-0.00001191",""
"973194121","2024-09-20 14:18:27","Spot","Transaction Buy","DOGS","9679.00000000",""
"973194121","2024-09-20 14:18:27","Spot","Transaction Fee","BNB","-0.00001197",""
"973194121","2024-09-20 14:18:27","Spot","Transaction Spend","USDT","-9.04986500",""
"973194121","2024-09-20 14:20:53","Spot","Small Assets Exchange BNB","USDT","-0.00045500","USDT to BNB"
"973194121","2024-09-20 14:20:53","Spot","Small Assets Exchange BNB","BNB","0.00008045","CATI to BNB"
"973194121","2024-09-20 14:20:53","Spot","Small Assets Exchange BNB","CATI","-0.04395928","CATI to BNB"
"973194121","2024-09-20 14:20:53","Spot","Small Assets Exchange BNB","BNB","7.9E-7","USDT to BNB"
"973194121","2024-09-20 15:49:24","Spot","Transfer Between Main and Funding Wallet","TON","0.00500000",""
"973194121","2024-09-20 15:49:24","Funding","Transfer Between Main and Funding Wallet","TON","-0.00500000",""
"973194121","2024-09-22 05:56:56","Spot","Launchpool Subscription/Redemption","BNB","-0.01000000","Binance Launchpool"
"973194121","2024-09-22 20:01:22","Spot","Deposit","TON","0.00030000",""
"973194121","2024-09-23 03:16:34","Spot","Launchpool Earnings Withdrawal","HMSTR","0.04000000","Binance Launchpool"
"973194121","2024-09-23 11:22:42","Spot","Launchpool Earnings Withdrawal","HMSTR","0.08000000","Binance Launchpool"
"973194121","2024-09-24 03:22:56","Spot","Launchpool Earnings Withdrawal","HMSTR","0.16000000","Binance Launchpool"
"973194121","2024-09-24 09:30:38","Spot","Launchpool Earnings Withdrawal","HMSTR","0.06000000","Binance Launchpool"
"973194121","2024-09-24 12:52:00","Spot","Launchpool Earnings Withdrawal","HMSTR","0.03000000","Binance Launchpool"
"973194121","2024-09-24 15:09:01","Spot","Launchpool Earnings Withdrawal","HMSTR","0.02000000","Binance Launchpool"
"973194121","2024-09-24 17:28:09","Spot","Binance Convert","BONK","1591.95000000",""
"973194121","2024-09-24 17:28:10","Spot","Binance Convert","TON","-0.00530000",""
"973194121","2024-09-24 17:28:44","Spot","Launchpool Earnings Withdrawal","HMSTR","0.03000000","Binance Launchpool"
"973194121","2024-09-25 00:03:55","Spot","Airdrop Assets","HMSTR","809.03000000",""
"973194121","2024-09-25 03:13:12","Spot","Launchpool Earnings Withdrawal","HMSTR","0.09000000","Binance Launchpool"
"973194121","2024-09-25 12:22:28","Spot","Launchpool Earnings Withdrawal","HMSTR","0.10000000","Binance Launchpool"
"973194121","2024-09-25 14:26:59","Spot","Launchpool Earnings Withdrawal","HMSTR","0.02000000","Binance Launchpool"
"973194121","2024-09-26 00:26:38","Spot","Launchpool Subscription/Redemption","BNB","0.01000000","Binance Launchpool"
"973194121","2024-09-26 00:36:26","Spot","Launchpool Airdrop","HMSTR","0.10000000",""
"973194121","2024-09-26 12:05:57","Spot","Transaction Fee","BNB","-0.00001184",""
"973194121","2024-09-26 12:05:57","Spot","Transaction Sold","HMSTR","-809.00000000",""
"973194121","2024-09-26 12:05:57","Spot","Transaction Revenue","USDT","9.39168100",""
"973194121","2024-09-26 14:07:55","Spot","Transaction Spend","USDT","-9.38660400",""
"973194121","2024-09-26 14:07:55","Spot","Transaction Fee","BNB","-0.00001186",""
"973194121","2024-09-26 14:07:55","Spot","Transaction Buy","HMSTR","1073.00000000",""
"973194121","2024-09-26 16:01:09","Spot","Transaction Sold","HMSTR","-1073.00000000",""
"973194121","2024-09-26 16:01:09","Spot","Transaction Revenue","USDT","8.30394700",""
"973194121","2024-09-26 16:01:09","Spot","Transaction Fee","BNB","-0.00001035",""
"973194121","2024-09-26 16:47:56","Spot","Transaction Buy","HMSTR","1151.00000000",""
"973194121","2024-09-26 16:47:56","Spot","Transaction Spend","USDT","-8.27453900",""
"973194121","2024-09-26 16:47:56","Spot","Transaction Fee","BNB","-0.00001026",""
"973194121","2024-09-26 16:49:22","Spot","Binance Convert","BONK","1652.90000000",""
"973194121","2024-09-26 16:49:23","Spot","Binance Convert","USDT","-0.03448500",""
"973194121","2024-09-26 17:08:47","Spot","Transaction Revenue","USDT","8.35491280",""
"973194121","2024-09-26 17:08:47","Spot","Transaction Fee","BNB","-0.00001029",""
"973194121","2024-09-26 17:08:47","Spot","Transaction Sold","DOGS","-9679.00000000",""
"973194121","2024-09-26 20:49:18","Spot","Transaction Fee","BNB","-0.00001059",""
"973194121","2024-09-26 20:49:18","Spot","Transaction Spend","USDT","-8.35417800",""
"973194121","2024-09-26 20:49:18","Spot","Transaction Buy","DOGS","10017.00000000",""
"973194121","2024-09-29 07:14:08","Funding","Crypto Box","STRAX","1.00000000","Binance Pay"
"973194121","2024-09-29 10:14:58","Spot","Transaction Sold","HMSTR","-1151.00000000",""
"973194121","2024-09-29 10:14:58","Spot","Transaction Revenue","USDT","6.89218800",""
"973194121","2024-09-29 10:14:58","Spot","Transaction Fee","BNB","-0.00000867",""
"973194121","2024-09-29 10:17:47","Spot","Transaction Spend","USDT","-6.88170000",""
"973194121","2024-09-29 10:17:47","Spot","Transaction Buy","MEME","565.00000000",""
"973194121","2024-09-29 10:17:47","Spot","Transaction Fee","BNB","-0.00000865",""
"973194121","2024-09-29 10:26:20","Spot","Binance Convert","BONK","482.86000000",""
"973194121","2024-09-29 10:26:20","Spot","Binance Convert","USDT","-0.01122280",""
"973194121","2024-09-29 15:05:52","Spot","Transfer Between Main and Funding Wallet","STRAX","1.00000000",""
"973194121","2024-09-29 15:05:53","Funding","Transfer Between Main and Funding Wallet","STRAX","-1.00000000",""
"973194121","2024-09-29 15:06:22","Spot","Binance Convert","STRAX","-1.00000000",""
"973194121","2024-09-29 15:06:22","Spot","Binance Convert","BONK","2382.33000000",""
"973194121","2024-09-29 15:20:51","Spot","Binance Convert","BONK","-6110.04000000",""
"973194121","2024-09-29 15:20:51","Spot","Binance Convert","HMSTR","24.37000000",""
"973194121","2024-09-29 15:21:28","Spot","Binance Convert","BNB","0.00023667",""
"973194121","2024-09-29 15:21:28","Spot","Binance Convert","HMSTR","-25.13000000",""
"973194121","2024-09-30 15:15:20","Spot","Transaction Revenue","USDT","7.00600000",""
"973194121","2024-09-30 15:15:20","Spot","Transaction Sold","MEME","-565.00000000",""
"973194121","2024-09-30 15:15:20","Spot","Transaction Fee","BNB","-0.00000911",""
"973194121","2024-09-30 15:16:16","USD-M Futures","Transfer Between Spot Account and UM Futures Account","USDT","7.00600000",""
"973194121","2024-09-30 15:16:16","Spot","Transfer Between Spot Account and UM Futures Account","USDT","-7.00600000",""
"973194121","2024-09-30 15:24:56","USD-M Futures","Fee","USDT","-0.00343182","TradeID - 10962932"
"973194121","2024-09-30 15:24:56","USD-M Futures","Referee Commission","USDT","0.00034318",""
"973194121","2024-09-30 15:25:02","USD-M Futures","Realized Profit and Loss","USDT","-0.00828799","TradeID - 10963124"
"973194121","2024-09-30 15:25:02","USD-M Futures","Fee","USDT","-0.00343596","TradeID - 10963124"
"973194121","2024-09-30 15:25:02","USD-M Futures","Referee Commission","USDT","0.00034360",""
"973194121","2024-09-30 15:25:53","USD-M Futures","Referee Commission","USDT","0.00034913",""
"973194121","2024-09-30 15:25:53","USD-M Futures","Fee","USDT","-0.00349130","TradeID - 10964405"
"973194121","2024-09-30 15:26:04","USD-M Futures","Referee Commission","USDT","0.00034943",""
"973194121","2024-09-30 15:26:04","USD-M Futures","Realized Profit and Loss","USDT","-0.00600499","TradeID - 10964615"
"973194121","2024-09-30 15:26:04","USD-M Futures","Fee","USDT","-0.00349430","TradeID - 10964615"
"973194121","2024-09-30 15:27:19","USD-M Futures","Referee Commission","USDT","0.00085222",""
"973194121","2024-09-30 15:27:19","USD-M Futures","Fee","USDT","-0.00852216","TradeID - 71863734"
"973194121","2024-09-30 15:27:25","USD-M Futures","Realized Profit and Loss","USDT","-0.01532370","TradeID - 71863802"
"973194121","2024-09-30 15:27:25","USD-M Futures","Fee","USDT","-0.00851450","TradeID - 71863802"
"973194121","2024-09-30 15:27:25","USD-M Futures","Referee Commission","USDT","0.00085145",""
"973194121","2024-09-30 15:28:40","USD-M Futures","Referee Commission","USDT","0.00146090",""
"973194121","2024-09-30 15:28:40","USD-M Futures","Fee","USDT","-0.00257805","TradeID - 14925239"
"973194121","2024-09-30 15:28:40","USD-M Futures","Referee Commission","USDT","0.00025781",""
"973194121","2024-09-30 15:28:40","USD-M Futures","Fee","USDT","-0.01460895","TradeID - 14925240"
"973194121","2024-09-30 15:46:55","USD-M Futures","Referee Commission","USDT","0.00171960",""
"973194121","2024-09-30 15:46:55","USD-M Futures","Fee","USDT","-0.01719600","TradeID - 14937570"
"973194121","2024-09-30 15:46:55","USD-M Futures","Realized Profit and Loss","USDT","-0.01800000","TradeID - 14937570"
"973194121","2024-09-30 15:54:35","USD-M Futures","Transfer Between Spot Account and UM Futures Account","USDT","-6.89791800",""
"973194121","2024-09-30 15:54:35","Spot","Transfer Between Spot Account and UM Futures Account","USDT","6.89791800",""
"973194121","2024-09-30 15:54:41","Spot","Transaction Spend","USDT","-6.88735000",""
"973194121","2024-09-30 15:54:41","Spot","Transaction Buy","MEME","565.00000000",""
"973194121","2024-09-30 15:54:41","Spot","Transaction Fee","BNB","-0.00000901",""
"973194121","2024-09-30 15:57:32","Spot","Transaction Sold","MEME","-565.00000000",""
"973194121","2024-09-30 15:57:32","Spot","Transaction Revenue","USDT","6.85345000",""
"973194121","2024-09-30 15:57:32","Spot","Transaction Fee","BNB","-0.00000897",""
"973194121","2024-09-30 15:57:42","Spot","Transaction Spend","USDT","-6.86350680",""
"973194121","2024-09-30 15:57:42","Spot","Transaction Buy","DOGS","8986.00000000",""
"973194121","2024-09-30 15:57:42","Spot","Transaction Fee","BNB","-0.00000896",""
"973194121","2024-09-30 17:31:53","Spot","Transaction Sold","BNB","-0.01000000",""
"973194121","2024-09-30 17:31:53","Spot","Transaction Fee","BNB","-0.00000749",""
"973194121","2024-09-30 17:31:53","Spot","Transaction Revenue","USDT","5.70400000",""
"973194121","2024-09-30 17:34:44","Spot","Transaction Buy","BNB","0.00900000",""
"973194121","2024-09-30 17:34:44","Spot","Transaction Spend","USDT","-5.13450000",""
"973194121","2024-09-30 17:34:44","Spot","Transaction Fee","BNB","-0.00000675",""
"973194121","2024-09-30 17:35:07","Spot","Transaction Fee","BNB","-0.00000675",""
"973194121","2024-09-30 17:35:07","Spot","Transaction Revenue","USDT","5.13450000",""
"973194121","2024-09-30 17:35:07","Spot","Transaction Sold","BNB","-0.00900000",""
"973194121","2024-09-30 17:45:41","Spot","Small Assets Exchange BNB","BNB","0.00002486","USDT to BNB"
"973194121","2024-09-30 17:45:41","Spot","Small Assets Exchange BNB","USDT","-0.01451120","USDT to BNB"
"973194121","2024-09-30 17:46:24","Spot","Transaction Buy","BNB","0.00900000",""
"973194121","2024-09-30 17:46:24","Spot","Transaction Spend","USDT","-5.15250000",""
"973194121","2024-09-30 17:46:24","Spot","Transaction Fee","BNB","-0.00000675",""
"973194121","2024-09-30 17:48:20","Spot","Binance Convert","USDT","-0.53750000",""
"973194121","2024-09-30 17:48:20","Spot","Binance Convert","BNB","0.00093505",""
"973194121","2024-10-01 03:10:34","Funding","Crypto Box","NOT","1.00000000","Binance Pay"
"973194121","2024-10-02 09:03:38","Funding","Crypto Box","HMSTR","1.29000000","Binance Pay"
"973194121","2024-10-09 09:22:49","Spot","Launchpool Subscription/Redemption","BNB","-0.01010000","Binance Launchpool"
"973194121","2024-10-10 12:36:37","Spot","Launchpool Earnings Withdrawal","SCR","0.01395440","Binance Launchpool"
"973194121","2024-10-11 00:30:35","Spot","Launchpool Subscription/Redemption","BNB","0.01010000","Binance Launchpool"
"973194121","2024-10-11 00:37:31","Spot","Launchpool Airdrop","SCR","0.00626632",""
"973194121","2024-10-26 14:26:53","Spot","Binance Convert","TON","1.19583833",""
"973194121","2024-10-26 14:26:54","Spot","Binance Convert","BNB","-0.01012058",""
"973194121","2024-10-26 14:37:43","Spot","Withdraw","TON","-1.10000000","Withdraw fee is included"
"973194121","2024-10-26 14:38:30","Spot","Binance Convert","TON","0.30000000",""
"973194121","2024-10-26 14:38:31","Spot","Binance Convert","DOGS","-2555.46000000",""
"973194121","2024-10-26 14:40:23","Spot","Binance Convert","DOGS","-2129.43000000",""
"973194121","2024-10-26 14:40:23","Spot","Binance Convert","TON","0.25000000",""
"973194121","2024-10-26 14:47:42","Spot","Withdraw","TON","-0.50000000","Withdraw fee is included"
"973194121","2024-10-26 14:53:28","Spot","Binance Convert","TON","-0.14583833",""
"973194121","2024-10-26 14:53:28","Spot","Binance Convert","DOGS","1230.60000000",""
"973194121","2024-10-31 08:04:00","Spot","Transaction Revenue","USDT","9.39254680",""
"973194121","2024-10-31 08:04:00","Spot","Transaction Fee","USDT","-0.00939255",""
"973194121","2024-10-31 08:04:00","Spot","Transaction Sold","DOGS","-15548.00000000",""
"973194121","2024-10-31 10:08:38","Spot","Transaction Fee","OAX","-0.05500000",""
"973194121","2024-10-31 10:08:38","Spot","Transaction Buy","OAX","55.00000000",""
"973194121","2024-10-31 10:08:38","Spot","Transaction Spend","USDT","-9.25100000",""
"973194121","2024-10-31 16:57:02","Spot","Transaction Sold","OAX","-54.00000000",""
"973194121","2024-10-31 16:57:02","Spot","Transaction Revenue","USDT","9.52020000",""
"973194121","2024-10-31 16:57:02","Spot","Transaction Fee","USDT","-0.00952020",""
"973194121","2024-10-31 16:57:36","Spot","Binance Convert","BNB","0.00028566",""
"973194121","2024-10-31 16:57:37","Spot","Binance Convert","OAX","-0.94500000",""
"973194121","2024-10-31 16:57:49","Spot","Binance Convert","BNB","0.00002371",""
"973194121","2024-10-31 16:57:49","Spot","Binance Convert","SCR","-0.02022072",""
"973194121","2024-10-31 17:02:43","Spot","Transaction Buy","OAX","54.00000000",""
"973194121","2024-10-31 17:02:43","Spot","Transaction Spend","USDT","-9.57420000",""
"973194121","2024-10-31 17:02:43","Spot","Transaction Fee","BNB","-0.00001245",""
"973194121","2024-11-01 07:13:46","Spot","Transaction Revenue","USDT","5.11200000",""
"973194121","2024-11-01 07:13:46","Spot","Transaction Revenue","USDT","2.55600000",""
"973194121","2024-11-01 07:13:46","Spot","Transaction Fee","BNB","-0.00000333",""
"973194121","2024-11-01 07:13:46","Spot","Transaction Sold","OAX","-18.00000000",""
"973194121","2024-11-01 07:13:46","Spot","Transaction Sold","OAX","-36.00000000",""
"973194121","2024-11-01 07:13:46","Spot","Transaction Fee","BNB","-0.00000668",""
"973194121","2024-11-01 07:32:24","Spot","Transaction Spend","USDT","-1.60490000",""
"973194121","2024-11-01 07:32:24","Spot","Transaction Buy","UNFI","1.10000000",""
"973194121","2024-11-01 07:32:24","Spot","Transaction Spend","USDT","-6.12780000",""
"973194121","2024-11-01 07:32:24","Spot","Transaction Buy","UNFI","4.20000000",""
"973194121","2024-11-01 07:32:24","Spot","Transaction Fee","BNB","-0.00000797",""
"973194121","2024-11-01 07:32:24","Spot","Transaction Fee","BNB","-0.00000208",""
"973194121","2024-11-01 07:33:28","Spot","Transaction Sold","UNFI","-5.30000000",""
"973194121","2024-11-01 07:33:28","Spot","Transaction Revenue","USDT","7.69030000",""
"973194121","2024-11-01 07:33:28","Spot","Transaction Fee","BNB","-0.00001002",""
"973194121","2024-11-01 07:37:56","Spot","Transaction Buy","SOL","0.04600000",""
"973194121","2024-11-01 07:37:56","Spot","Transaction Fee","BNB","-0.00000995",""
"973194121","2024-11-01 07:37:56","Spot","Transaction Spend","USDT","-7.64474000",""
"973194121","2024-11-01 08:51:42","Spot","Transaction Revenue","USDT","7.63416000",""
"973194121","2024-11-01 08:51:42","Spot","Transaction Fee","BNB","-0.00000993",""
"973194121","2024-11-01 08:51:42","Spot","Transaction Sold","SOL","-0.04600000",""
"973194121","2024-11-01 08:52:19","Spot","Transaction Spend","USDT","-7.64589000",""
"973194121","2024-11-01 08:52:19","Spot","Transaction Buy","TIA","1.61000000",""
"973194121","2024-11-01 08:52:19","Spot","Transaction Fee","BNB","-0.00000993",""
"973194121","2024-11-01 08:55:04","Spot","Transaction Sold","TIA","-1.61000000",""
"973194121","2024-11-01 08:55:04","Spot","Transaction Fee","BNB","-0.00000990",""
"973194121","2024-11-01 08:55:04","Spot","Transaction Revenue","USDT","7.61208000",""
"973194121","2024-11-01 08:56:38","Spot","Transaction Fee","BNB","-0.00000966",""
"973194121","2024-11-01 08:56:38","Spot","Transaction Spend","USDT","-7.44360000",""
"973194121","2024-11-01 08:56:38","Spot","Transaction Buy","OG","1.20000000",""
"973194121","2024-11-01 08:58:14","Spot","Transaction Revenue","USDT","7.40040000",""
"973194121","2024-11-01 08:58:14","Spot","Transaction Fee","BNB","-0.00000963",""
"973194121","2024-11-01 08:58:14","Spot","Transaction Sold","OG","-1.20000000",""
"973194121","2024-11-01 09:02:50","Spot","Transaction Spend","USDT","-7.56600000",""
"973194121","2024-11-01 09:02:50","Spot","Transaction Fee","BNB","-0.00000975",""
"973194121","2024-11-01 09:02:50","Spot","Transaction Buy","BETA","156.00000000",""
"973194121","2024-11-01 09:06:15","Spot","Transaction Fee","BNB","-0.00000268",""
"973194121","2024-11-01 09:06:15","Spot","Transaction Sold","BETA","-113.00000000",""
"973194121","2024-11-01 09:06:15","Spot","Transaction Fee","BNB","-0.00000706",""
"973194121","2024-11-01 09:06:15","Spot","Transaction Revenue","USDT","2.07088000",""
"973194121","2024-11-01 09:06:15","Spot","Transaction Revenue","USDT","5.44321000",""
"973194121","2024-11-01 09:06:15","Spot","Transaction Sold","BETA","-43.00000000",""
"973194121","2024-11-01 09:07:25","Spot","Transaction Buy","BETA","18.00000000",""
"973194121","2024-11-01 09:07:25","Spot","Transaction Buy","BETA","139.00000000",""
"973194121","2024-11-01 09:07:25","Spot","Transaction Fee","BNB","-0.00000861",""
"973194121","2024-11-01 09:07:25","Spot","Transaction Fee","BNB","-0.00000111",""
"973194121","2024-11-01 09:07:25","Spot","Transaction Spend","USDT","-0.86364000",""
"973194121","2024-11-01 09:07:25","Spot","Transaction Spend","USDT","-6.66922000",""
"973194121","2024-11-01 09:26:04","Spot","Transaction Sold","BETA","-157.00000000",""
"973194121","2024-11-01 09:26:04","Spot","Transaction Revenue","USDT","7.68044000",""
"973194121","2024-11-01 09:26:04","Spot","Transaction Fee","BNB","-0.00000997",""
"973194121","2024-11-01 09:26:44","Spot","Transaction Fee","BNB","-0.00000978",""
"973194121","2024-11-01 09:26:44","Spot","Transaction Fee","BNB","-2.4E-7",""
"973194121","2024-11-01 09:26:44","Spot","Transaction Buy","BETA","154.00000000",""
"973194121","2024-11-01 09:26:44","Spot","Transaction Spend","USDT","-0.19496000",""
"973194121","2024-11-01 09:26:44","Spot","Transaction Buy","BETA","4.00000000",""
"973194121","2024-11-01 09:26:44","Spot","Transaction Spend","USDT","-7.50596000",""
"973194121","2024-11-01 09:39:38","Spot","Transaction Sold","BETA","-158.00000000",""
"973194121","2024-11-01 09:39:38","Spot","Transaction Revenue","USDT","7.43548000",""
"973194121","2024-11-01 09:39:38","Spot","Transaction Fee","BNB","-0.00000963",""
"973194121","2024-11-01 09:43:43","Spot","Transaction Buy","BAR","3.04000000",""
"973194121","2024-11-01 09:43:43","Spot","Transaction Spend","USDT","-7.42976000",""
"973194121","2024-11-01 09:43:43","Spot","Transaction Fee","BNB","-0.00000963",""
"973194121","2024-11-01 09:45:51","Spot","Transaction Fee","BNB","-0.00000387",""
"973194121","2024-11-01 09:45:51","Spot","Transaction Revenue","USDT","2.98398000",""
"973194121","2024-11-01 09:45:51","Spot","Transaction Revenue","USDT","4.38925000",""
"973194121","2024-11-01 09:45:51","Spot","Transaction Sold","BAR","-1.23000000",""
"973194121","2024-11-01 09:45:51","Spot","Transaction Fee","BNB","-0.00000569",""
"973194121","2024-11-01 09:45:51","Spot","Transaction Sold","BAR","-1.81000000",""
"973194121","2024-11-01 09:46:52","Spot","Transaction Buy","BETA","155.00000000",""
"973194121","2024-11-01 09:46:52","Spot","Transaction Fee","BNB","-0.00000954",""
"973194121","2024-11-01 09:46:52","Spot","Transaction Spend","USDT","-7.36870000",""
"973194121","2024-11-01 12:30:01","Spot","Transaction Fee","BNB","-0.00000975",""
"973194121","2024-11-01 12:30:01","Spot","Transaction Revenue","USDT","7.53610000",""
"973194121","2024-11-01 12:30:01","Spot","Transaction Sold","BETA","-155.00000000",""
"973194121","2024-11-01 13:34:17","Spot","Transaction Fee","BNB","-0.00000973",""
"973194121","2024-11-01 13:34:17","Spot","Transaction Spend","USDT","-7.53480000",""
"973194121","2024-11-01 13:34:17","Spot","Transaction Buy","ARB","14.00000000",""
"973194121","2024-11-01 13:41:51","Spot","Transaction Revenue","USDT","7.56980000",""
"973194121","2024-11-01 13:41:51","Spot","Transaction Sold","ARB","-14.00000000",""
"973194121","2024-11-01 13:41:51","Spot","Transaction Fee","BNB","-0.00000972",""
"973194121","2024-11-01 13:42:02","Spot","Transaction Fee","BNB","-0.00000977",""
"973194121","2024-11-01 13:42:02","Spot","Transaction Spend","USDT","-7.58246520",""
"973194121","2024-11-01 13:42:02","Spot","Transaction Buy","DOGS","12778.00000000",""
"973194121","2024-11-01 14:35:16","Spot","Transaction Revenue","USDT","7.59907660",""
"973194121","2024-11-01 14:35:16","Spot","Transaction Sold","DOGS","-12778.00000000",""
"973194121","2024-11-01 14:35:16","Spot","Transaction Fee","BNB","-0.00000975",""
"973194121","2024-11-01 16:34:30","Spot","Transaction Buy","PIXEL","46.00000000",""
"973194121","2024-11-01 16:34:30","Spot","Transaction Fee","BNB","-0.00000984",""
"973194121","2024-11-01 16:34:30","Spot","Transaction Spend","USDT","-7.59460000",""
"973194121","2024-11-02 13:20:35","Spot","Transaction Sold","PIXEL","-46.00000000",""
"973194121","2024-11-02 13:20:35","Spot","Transaction Fee","BNB","-0.00000951",""
"973194121","2024-11-02 13:20:35","Spot","Transaction Revenue","USDT","7.23120000",""
"973194121","2024-11-02 13:20:50","Spot","Transaction Spend","USDT","-7.23548320",""
"973194121","2024-11-02 13:20:50","Spot","Transaction Fee","BNB","-0.00000955",""
"973194121","2024-11-02 13:20:50","Spot","Transaction Buy","DOGS","12136.00000000",""
"973194121","2024-11-02 14:36:32","Spot","Transaction Sold","DOGS","-12136.00000000",""
"973194121","2024-11-02 14:36:32","Spot","Transaction Fee","BNB","-0.00000940",""
"973194121","2024-11-02 14:36:32","Spot","Transaction Revenue","USDT","7.08621040",""
"973194121","2024-11-02 16:25:43","Spot","Transaction Spend","USDT","-7.08616440",""
"973194121","2024-11-02 16:25:43","Spot","Transaction Buy","DOGS","12138.00000000",""
"973194121","2024-11-02 16:25:43","Spot","Transaction Fee","BNB","-0.00000937",""
"973194121","2024-11-03 17:46:41","Spot","Transaction Fee","BNB","-0.00000414",""
"973194121","2024-11-03 17:46:41","Spot","Transaction Sold","DOGS","-6069.00000000",""
"973194121","2024-11-03 17:46:41","Spot","Transaction Revenue","USDT","3.07030710",""
"973194121","2024-11-03 17:46:55","Spot","Transaction Buy","OAX","8.00000000",""
"973194121","2024-11-03 17:46:55","Spot","Transaction Fee","BNB","-0.00000162",""
"973194121","2024-11-03 17:46:55","Spot","Transaction Spend","USDT","-1.80600000",""
"973194121","2024-11-03 17:46:55","Spot","Transaction Spend","USDT","-1.20400000",""
"973194121","2024-11-03 17:46:55","Spot","Transaction Fee","BNB","-0.00000243",""
"973194121","2024-11-03 17:46:55","Spot","Transaction Buy","OAX","12.00000000",""
"973194121","2024-11-03 18:51:01","Spot","Transaction Fee","BNB","-0.00000408",""
"973194121","2024-11-03 18:51:01","Spot","Transaction Sold","OAX","-20.00000000",""
"973194121","2024-11-03 18:51:01","Spot","Transaction Revenue","USDT","2.98800000",""
"973194121","2024-11-03 19:48:52","Spot","Transaction Spend","USDT","-3.04607550",""
"973194121","2024-11-03 19:48:52","Spot","Transaction Fee","BNB","-0.00000408",""
"973194121","2024-11-03 19:48:52","Spot","Transaction Buy","DOGS","6045.00000000",""
"973194121","2024-11-05 13:58:22","Spot","Binance Convert","OAX","34.57583722",""
"973194121","2024-11-05 13:58:22","Spot","Binance Convert","DOGS","-12114.71000000",""
"973194121","2024-11-05 14:18:24","Spot","Binance Convert","DOGS","11829.08000000",""
"973194121","2024-11-05 14:18:25","Spot","Binance Convert","OAX","-34.57583722",""
"973194121","2024-11-05 14:57:17","Spot","Binance Convert","USDT","6.12622647",""
"973194121","2024-11-05 14:57:18","Spot","Binance Convert","DOGS","-11829.08000000",""
"973194121","2024-11-05 15:35:21","Spot","Transaction Spend","USDT","-5.98850000",""
"973194121","2024-11-05 15:35:21","Spot","Transaction Fee","OAX","-0.03500000",""
"973194121","2024-11-05 15:35:21","Spot","Transaction Buy","OAX","35.00000000",""
"973194121","2024-11-05 15:37:31","Spot","Transaction Revenue","USDT","5.75280000",""
"973194121","2024-11-05 15:37:31","Spot","Transaction Sold","OAX","-34.00000000",""
"973194121","2024-11-05 15:37:31","Spot","Transaction Fee","USDT","-0.00575280",""
"973194121","2024-11-05 15:41:44","Spot","Binance Convert","OAX","-0.96500000",""
"973194121","2024-11-05 15:41:44","Spot","Binance Convert","USDT","0.15786558",""
"973194121","2024-11-05 15:52:06","Spot","Transaction Spend","USDT","-5.92860000",""
"973194121","2024-11-05 15:52:06","Spot","Transaction Buy","HARD","41.00000000",""
"973194121","2024-11-05 15:52:06","Spot","Transaction Fee","HARD","-0.04100000",""
"973194121","2024-11-06 12:27:01","Funding","Crypto Box","NOT","1.25000000","Binance Pay"
"973194121","2024-11-06 15:43:49","Spot","Binance Convert","USDT","6.15693630",""
"973194121","2024-11-06 15:43:50","Spot","Binance Convert","HARD","-40.95900000",""
"973194121","2024-11-06 15:46:00","Spot","Binance Convert","OM","4.54734295",""
"973194121","2024-11-06 15:46:00","Spot","Binance Convert","USDT","-6.27372540",""
"973194121","2024-11-06 18:08:27","Spot","Binance Convert","OM","-4.54734295",""
"973194121","2024-11-06 18:08:27","Spot","Binance Convert","COW","9.60746897",""
"973194121","2024-11-06 18:21:13","Spot","Transaction Sold","COW","-9.60000000",""
"973194121","2024-11-06 18:21:13","Spot","Transaction Revenue","USDT","6.22080000",""
"973194121","2024-11-06 18:21:13","Spot","Transaction Fee","USDT","-0.00622080",""
"973194121","2024-11-06 18:25:48","Spot","Binance Convert","OM","1.12884653",""
"973194121","2024-11-06 18:25:48","Spot","Binance Convert","USDT","-1.56000000",""
"973194121","2024-11-06 18:26:11","Spot","Binance Convert","USDT","-1.56000000",""
"973194121","2024-11-06 18:26:11","Spot","Binance Convert","SUI","0.68708387",""
"973194121","2024-11-06 18:26:37","Spot","Binance Convert","USDT","-1.56000000",""
"973194121","2024-11-06 18:26:37","Spot","Binance Convert","OAX","9.38007608",""
"973194121","2024-11-06 18:27:01","Spot","Binance Convert","USDT","-1.53457920",""
"973194121","2024-11-06 18:27:01","Spot","Binance Convert","WLD","0.80896296",""
"973194121","2024-11-07 13:10:32","Spot","Binance Convert","IO","0.81018631",""
"973194121","2024-11-07 13:10:32","Spot","Binance Convert","OAX","-9.38007608",""
"973194121","2024-11-10 06:18:42","Spot","Binance Convert","DOGS","2155.97000000",""
"973194121","2024-11-10 06:18:43","Spot","Binance Convert","IO","-0.81000000",""
"973194121","2024-11-10 17:34:30","Spot","Small Assets Exchange BNB","BNB","0.00000549","COW to BNB"
"973194121","2024-11-10 17:34:30","Spot","Small Assets Exchange BNB","COW","-0.00746897","COW to BNB"
"973194121","2024-11-10 17:34:30","Spot","Small Assets Exchange BNB","IO","-0.00018631","IO to BNB"
"973194121","2024-11-10 17:34:30","Spot","Small Assets Exchange BNB","BNB","5.9E-7","IO to BNB"
"973194121","2024-11-12 18:57:10","Spot","Binance Convert","DOGS","-2155.97000000",""
"973194121","2024-11-12 18:57:10","Spot","Binance Convert","BOME","148.17000000",""
"973194121","2024-11-13 18:39:57","Spot","Merchant Acquiring","BNB","-0.00001362","Binance Pay - P_A1PKPJZEHKS71112"
"973194121","2024-11-13 18:39:57","Spot","Merchant Acquiring","OM","-0.71602938","Binance Pay - P_A1PKPJZEHKS71112"
"973194121","2024-11-14 15:07:52","Spot","Transaction Fee","USDT","-0.00154453",""
"973194121","2024-11-14 15:07:52","Spot","Transaction Revenue","USDT","1.54452800",""
"973194121","2024-11-14 15:07:52","Spot","Transaction Sold","BOME","-148.00000000",""
"973194121","2024-11-14 15:10:01","Spot","Binance Convert","USDT","1.81950420",""
"973194121","2024-11-14 15:10:02","Spot","Binance Convert","WLD","-0.80896296",""
"973194121","2024-11-14 15:10:55","Spot","Binance Convert","USDT","2.24883846",""
"973194121","2024-11-14 15:10:56","Spot","Binance Convert","SUI","-0.68708387",""
"973194121","2024-11-14 15:11:35","Spot","Binance Convert","OM","-0.41281715",""
"973194121","2024-11-14 15:11:35","Spot","Binance Convert","USDT","0.65061195",""
"973194121","2024-11-14 15:13:16","Spot","Binance Convert","VANRY","61.84692660",""
"973194121","2024-11-14 15:13:17","Spot","Binance Convert","USDT","-6.26193808",""
"973194121","2024-11-15 16:06:17","Spot","Small Assets Exchange BNB","BNB","0.00000266","BOME to BNB"
"973194121","2024-11-15 16:06:17","Spot","Small Assets Exchange BNB","BOME","-0.17000000","BOME to BNB"
"973194121","2024-11-16 08:36:16","Spot","Binance Convert","VANRY","-40.00000000",""
"973194121","2024-11-16 08:36:16","Spot","Binance Convert","DOGE","10.94704012",""
"973194121","2024-11-16 16:26:23","Spot","Binance Convert","VANRY","39.35739708",""
"973194121","2024-11-16 16:26:23","Spot","Binance Convert","DOGE","-10.94704012",""
"973194121","2024-11-16 16:26:52","Spot","Binance Convert","USDT","6.18154485",""
"973194121","2024-11-16 16:26:53","Spot","Binance Convert","VANRY","-61.20432368",""
"973194121","2024-11-16 16:53:23","Spot","Crypto Box","USDT","-1.00000000","Binance Pay"
"973194121","2024-11-16 17:40:52","Spot","Transaction Spend","USDT","-5.04060000",""
"973194121","2024-11-16 17:40:52","Spot","Transaction Buy","ETHFI","3.10000000",""
"973194121","2024-11-16 17:40:52","Spot","Transaction Fee","ETHFI","-0.00310000",""
"973194121","2024-11-17 17:37:25","Spot","Binance Convert","ETHFI","-3.09690000",""
"973194121","2024-11-17 17:37:25","Spot","Binance Convert","USDT","4.94417788",""
"973194121","2024-11-17 17:50:41","Spot","Withdraw","USDT","-5.08512200","Withdraw fee is included"
"973194121","2024-11-21 11:05:46","Funding","Crypto Box","ACH","1E-8","Binance Pay"
"973194121","2024-12-05 17:28:26","Spot","Transfer Between Spot Account and UM Futures Account","USDT","0.00171960",""
"973194121","2024-12-05 17:28:26","USD-M Futures","Transfer Between Spot Account and UM Futures Account","USDT","-0.00171960",""
"973194121","2024-12-19 00:55:31","Spot","Simple Earn Locked Rewards","EIGEN","0.00013698","Binance Earn"
"973194121","2024-12-20 00:55:15","Spot","Simple Earn Locked Rewards","EIGEN","0.00013698","Binance Earn"
"973194121","2024-12-21 00:55:27","Spot","Simple Earn Locked Rewards","EIGEN","0.00013698","Binance Earn"
"973194121","2024-12-22 00:54:54","Spot","Simple Earn Locked Rewards","EIGEN","0.00013698","Binance Earn"
"973194121","2024-12-23 00:55:21","Spot","Simple Earn Locked Rewards","EIGEN","0.00013698","Binance Earn"
"973194121","2024-12-24 00:55:39","Spot","Simple Earn Locked Rewards","EIGEN","0.00013698","Binance Earn"
"973194121","2024-12-25 00:55:14","Spot","Simple Earn Locked Rewards","EIGEN","0.00013698","Binance Earn"
"973194121","2024-12-26 00:55:23","Spot","Simple Earn Locked Rewards","EIGEN","0.00013698","Binance Earn"
"973194121","2024-12-27 01:05:52","Spot","Simple Earn Locked Rewards","EIGEN","0.00013698","Binance Earn"
"973194121","2024-12-28 01:06:09","Spot","Simple Earn Locked Rewards","EIGEN","0.00013698","Binance Earn"
"973194121","2024-12-29 01:05:40","Spot","Simple Earn Locked Rewards","EIGEN","0.00013698","Binance Earn"
"973194121","2024-12-30 01:05:55","Spot","Simple Earn Locked Rewards","EIGEN","0.00013698","Binance Earn"
"973194121","2024-12-31 00:56:03","Spot","Simple Earn Locked Rewards","EIGEN","0.00013698","Binance Earn"
"973194121","2025-01-01 00:55:49","Spot","Simple Earn Locked Rewards","EIGEN","0.00013698","Binance Earn"
"973194121","2025-01-02 00:55:41","Spot","Simple Earn Locked Rewards","EIGEN","0.00013698","Binance Earn"
"973194121","2025-01-03 00:55:36","Spot","Simple Earn Locked Rewards","EIGEN","0.00013698","Binance Earn"
"973194121","2025-01-04 00:55:45","Spot","Simple Earn Locked Rewards","EIGEN","0.00013698","Binance Earn"
"973194121","2025-01-05 00:55:35","Spot","Simple Earn Locked Rewards","EIGEN","0.00013698","Binance Earn"
"973194121","2025-01-06 00:55:33","Spot","Simple Earn Locked Rewards","EIGEN","0.00013698","Binance Earn"
"973194121","2025-01-07 00:55:45","Spot","Simple Earn Locked Rewards","EIGEN","0.00013698","Binance Earn"
"973194121","2025-01-08 00:55:31","Spot","Simple Earn Locked Rewards","EIGEN","0.00013698","Binance Earn"
"973194121","2025-01-09 01:04:07","Spot","Simple Earn Locked Rewards","EIGEN","0.00013698","Binance Earn"
"973194121","2025-01-10 00:55:39","Spot","Simple Earn Locked Rewards","EIGEN","0.00013698","Binance Earn"
"973194121","2025-01-11 00:55:26","Spot","Simple Earn Locked Rewards","EIGEN","0.00013698","Binance Earn"
"973194121","2025-01-12 01:05:57","Spot","Simple Earn Locked Rewards","EIGEN","0.00013698","Binance Earn"
"973194121","2025-01-13 01:05:47","Spot","Simple Earn Locked Rewards","EIGEN","0.00013698","Binance Earn"
"973194121","2025-01-14 01:05:54","Spot","Simple Earn Locked Rewards","EIGEN","0.00013698","Binance Earn"
"973194121","2025-01-15 01:05:56","Spot","Simple Earn Locked Rewards","EIGEN","0.00013698","Binance Earn"
"973194121","2025-01-16 01:05:46","Spot","Simple Earn Locked Rewards","EIGEN","0.00013698","Binance Earn"
"973194121","2025-01-17 01:05:52","Spot","Simple Earn Locked Rewards","EIGEN","0.00013698","Binance Earn"
"973194121","2025-01-18 01:05:52","Spot","Simple Earn Locked Rewards","EIGEN","0.00013698","Binance Earn"
"973194121","2025-01-19 01:05:10","Spot","Simple Earn Locked Rewards","EIGEN","0.00013698","Binance Earn"
"973194121","2025-01-20 01:05:45","Spot","Simple Earn Locked Rewards","EIGEN","0.00013698","Binance Earn"
"973194121","2025-01-21 01:05:45","Spot","Simple Earn Locked Rewards","EIGEN","0.00013698","Binance Earn"
"973194121","2025-01-22 00:55:49","Spot","Simple Earn Locked Rewards","EIGEN","0.00013698","Binance Earn"
"973194121","2025-01-23 00:55:49","Spot","Simple Earn Locked Rewards","EIGEN","0.00013698","Binance Earn"
"973194121","2025-01-24 00:55:22","Spot","Simple Earn Locked Rewards","EIGEN","0.00013698","Binance Earn"
"973194121","2025-01-25 00:55:42","Spot","Simple Earn Locked Rewards","EIGEN","0.00013698","Binance Earn"
"973194121","2025-01-26 00:55:31","Spot","Simple Earn Locked Rewards","EIGEN","0.00013698","Binance Earn"
"973194121","2025-01-27 00:55:33","Spot","Simple Earn Locked Rewards","EIGEN","0.00013698","Binance Earn"
"973194121","2025-01-28 00:55:42","Spot","Simple Earn Locked Rewards","EIGEN","0.00013698","Binance Earn"
"973194121","2025-01-29 00:55:42","Spot","Simple Earn Locked Rewards","EIGEN","0.00013698","Binance Earn"
"973194121","2025-01-30 00:55:42","Spot","Simple Earn Locked Rewards","EIGEN","0.00013698","Binance Earn"
